gamma_p,gamma_d,theta_p,theta_d,alpha_p,alpha_d
1.6222242421368254,1.7913275530973738,-0.5520741463713721,0.4684838649741853,0.6680929645058755,0.38390838051447235
